"owner_id","frequency","avg_mensal_income","avg_mensal_expenses","avg_transaction_count","owner_ager","account_age","min_balance","max_balance","gender","birth_year","name","region","no..of.inhabitants","ratio.of.urban.inhabitants","average.salary","unemploymant.rate..95","unemploymant.rate..96","no..of.enterpreneurs.per.1000.inhabitants","no..of.commited.crimes..95","no..of.commited.crimes..96","diffUnemploymant","avgUnemploymant","diffCrimes","avgCrimes","ratioCrimes","loan_id","amount","duration","payments","status","type"
2,"monthly issuance",20789.5727272727,22316.0666666667,4.90909090909091,55,7,1100,67529.6,"Male",1945,"Hl.m. Praha","Prague",1204953,100,12541,0.29,0.43,167,85677,99107,0.14,0.36,13430,92392,0.0766768496364588,4959,80952,24,3373,1,""
25,"monthly issuance",18629.1692307692,20574.9818181818,6.15384615384615,61,5,715,58157.5,"Female",1939,"Tabor","south Bohemia",103347,67,9104,1.51,2.07,123,2299,2354,0.56,1.79,55,2326.5,0.0225115387964818,4961,30276,12,2523,-1,""
78,"monthly issuance",42802.2,43864.0222222222,6.57894736842105,56,6,700,107069.6,"Female",1944,"Jindrichuv Hradec","south Bohemia",93931,56.9,8427,1.12,1.54,107,1874,1913,0.42,1.33,39,1893.5,0.0201584141550713,4973,165960,24,6915,1,""
158,"issuance after transaction",44940.1333333333,38146.6,5.16666666666667,55,4,200,103239,"Female",1945,"Teplice","north Bohemia",128118,85.3,9317,6.49,7.07,97,6949,6872,0.58,6.78,-77,6910.5,0.0539385566430946,4996,88440,12,7370,1,""
210,"monthly issuance",16235.1428571429,14271.7666666667,4.28571428571429,61,7,500,57865.3,"Male",1939,"Zdar nad Sazavou","south Moravia",125832,48.3,8512,3.51,4.12,102,2247,2103,0.61,3.815,-144,2175,0.0172849513637231,5002,104808,12,8734,1,""
352,"monthly issuance",25969.7090909091,28942.1777777778,5.54545454545455,60,7,300,89822.2,"Male",1940,"Breclav","south Moravia",124605,46,8772,4.69,4.98,126,2854,3158,0.29,4.835,304,3006,0.0241242325749368,5032,123696,48,2577,1,""
421,"monthly issuance",15977.3538461538,14597.0727272727,5.38461538461539,35,7,600,53376.7,"Male",1965,"Brno - mesto","south Moravia",387570,100,9897,1.6,1.96,140,18721,18696,0.36,1.78,-25,18708.5,0.0482712800268339,5044,100980,60,1683,1,""
424,"monthly issuance",29537.8588235294,32236.5285714286,5.17647058823529,53,7,-243.3,92571.3,"Male",1947,"Znojmo","south Moravia",114200,43.7,8403,5.74,5.72,105,2157,2718,-0.0200000000000005,5.73,561,2437.5,0.0213441330998249,5045,187224,24,7801,-1,""
512,"monthly issuance",43290.5,39939.75,6.77777777777778,35,7,900,106259.6,"Female",1965,"Hl.m. Praha","Prague",1204953,100,12541,0.29,0.43,167,85677,99107,0.14,0.36,13430,92392,0.0766768496364588,5060,252060,60,4201,-1,""
603,"monthly issuance",18671.3384615385,13887.1666666667,4.30769230769231,34,5,900,78574.3,"Female",1966,"Rakovnik","central Bohemia",53921,41.3,8598,2.77,3.26,123,1597,1875,0.49,3.015,278,1736,0.0321952486044398,5082,262980,60,4383,1,""
655,"monthly issuance",23976.73125,22949.9333333333,4.8125,58,5,400,72327.7,"Male",1942,"Ceska Lipa","north Bohemia",105058,81,9272,2.8,3.22,118,4340,4505,0.42,3.01,165,4422.5,0.0420957947038779,5088,91152,24,3798,1,"classic"
944,"monthly issuance",7312.87,7369,5.1,30,5,500,33555.4,"Male",1970,"Most","north Bohemia",119895,89.9,10446,7.34,9.4,90,4947,4743,2.06,8.37,-204,4845,0.0404103590641812,5125,73056,48,1522,1,""
946,"monthly issuance",22859.0933333333,20108.6,4.26666666666667,49,7,-1069.7,96064,"Male",1951,"Brno - mesto","south Moravia",387570,100,9897,1.6,1.96,140,18721,18696,0.36,1.78,-25,18708.5,0.0482712800268339,5126,208128,48,4336,-1,""
968,"monthly issuance",15015.2090909091,17391.8444444444,5.54545454545455,43,5,-3424.6,50124.8,"Male",1957,"Jesenik","north Moravia",42821,48.4,8173,7.01,7.01,124,1358,1358,0,7.01,0,1358,0.0317134116438196,5128,215616,48,4492,-1,""
976,"monthly issuance",13817.36,12771.3285714286,4.875,45,7,1100,48277.9,"Female",1955,"Jindrichuv Hradec","south Bohemia",93931,56.9,8427,1.12,1.54,107,1874,1913,0.42,1.33,39,1893.5,0.0201584141550713,5130,24312,12,2026,1,""
980,"monthly issuance",43327.8235294118,43036.2,6.5,39,7,200,134187.4,"Male",1961,"Usti nad Orlici","east Bohemia",139012,61.9,8363,2.52,3.49,108,2564,2799,0.97,3.005,235,2681.5,0.0192897016084942,5131,48624,24,2026,1,""
981,"monthly issuance",21511.1333333333,21351.1454545455,4.83333333333333,40,6,200,69775.9,"Male",1960,"Kolin","central Bohemia",95616,51.4,9307,3.85,4.43,118,2616,3040,0.58,4.14,424,2828,0.029576639892905,5132,538500,60,8975,1,""
1020,"monthly issuance",57741.4,67276.4,5,23,4,300,137193.5,"Female",1977,"Olomouc","north Moravia",226122,62.6,8994,3.8,4.79,110,9672,9208,0.99,4.295,-464,9440,0.041747375310673,5136,187104,24,7796,1,""
1029,"monthly issuance",11070.919047619,10826,7.04761904761905,46,7,700,43787.3,"Female",1954,"Uherske Hradiste","south Moravia",145688,40.7,8544,1.29,1.86,109,2719,2906,0.57,1.575,187,2812.5,0.0193049530503542,5138,87216,48,1817,1,""
1102,"monthly issuance",36767.4777777778,34888.475,3.88888888888889,65,5,700,121713.2,"Male",1935,"Olomouc","north Moravia",226122,62.6,8994,3.8,4.79,110,9672,9208,0.99,4.295,-464,9440,0.041747375310673,5145,309552,48,6449,1,""
1133,"monthly issuance",39076.9578947369,35991.3777777778,4.94736842105263,42,6,300,109361.9,"Female",1958,"Litomerice","north Bohemia",114006,62.3,9065,4.46,5.39,123,4147,4166,0.93,4.925,19,4156.5,0.0364586074417136,5148,284280,60,4738,1,""
1157,"issuance after transaction",43139.2142857143,46605.8,4.28571428571429,42,6,200,101793.6,"Female",1958,"Kladno","central Bohemia",149893,67.4,9753,4.64,5.05,109,5244,5892,0.41,4.845,648,5568,0.0371464978351224,5151,189060,60,3151,1,""
1215,"monthly issuance",20716.2307692308,21028.9272727273,5,56,6,400,68172.8,"Male",1944,"Jicin","east Bohemia",77917,53.5,8390,2.28,2.89,132,2080,2122,0.61,2.585,42,2101,0.0269645905258159,5160,204000,60,3400,1,""
1216,"monthly issuance",24914.05,10233.3333333333,3.5,55,6,500,68956.1,"Female",1945,"Znojmo","south Moravia",114200,43.7,8403,5.74,5.72,105,2157,2718,-0.0200000000000005,5.73,561,2437.5,0.0213441330998249,5161,98184,24,4091,1,""
1286,"weekly issuance",31642.0777777778,25453.5,4.55555555555556,50,7,800,104417.9,"Female",1950,"Frydek - Mistek","north Moravia",228848,57.2,9893,4.09,4.72,96,5623,5887,0.63,4.405,264,5755,0.0251476962874921,5170,253200,60,4220,1,""
1327,"weekly issuance",10557.36,10471.9230769231,3.4,37,7,800,49563,"Female",1963,"Strakonice","south Bohemia",70646,58.4,8547,2.65,3.64,120,1563,1542,0.99,3.145,-21,1552.5,0.0219757664977493,5176,192552,24,8023,-1,""
1404,"monthly issuance",18993.16,21362.25,5.4,32,7,200,62441.6,"Female",1968,"Praha - zapad","central Bohemia",75637,36.5,9622,0.45,0.59,154,3475,3529,0.14,0.52,54,3502,0.046300091225194,5189,149040,48,3105,1,""
1505,"monthly issuance",32459.48,41081.5066666667,5.14285714285714,29,7,-974.6,127684.9,"Female",1971,"Klatovy","west Bohemia",88757,61.7,8554,2.47,2.68,113,1822,2218,0.21,2.575,396,2020,0.0227587683224985,5208,99696,48,2077,-1,""
1509,"monthly issuance",21833.4666666667,21575.35,4.44444444444444,58,4,600,64411.8,"Female",1942,"Uherske Hradiste","south Moravia",145688,40.7,8544,1.29,1.86,109,2719,2906,0.57,1.575,187,2812.5,0.0193049530503542,5209,182640,48,3805,1,""
1516,"monthly issuance",16160.4071428571,16237.4,6.14285714285714,54,6,700,55373.3,"Female",1946,"Louny","north Bohemia",85852,59.8,8965,7.08,8.23,104,2653,2822,1.15,7.655,169,2737.5,0.0318862693938406,5212,71064,36,1974,1,""
1663,"monthly issuance",21274.1352941176,21454.7066666667,5.29411764705882,43,6,800,71486,"Male",1957,"Prachatice","south Bohemia",51428,52.7,8402,3.13,3.98,120,999,1099,0.85,3.555,100,1049,0.0203974488605429,5237,45336,24,1889,1,""
1851,"issuance after transaction",30323.5923076923,31116.2833333333,5,25,7,-2564.7,112045.6,"Female",1975,"Tachov","west Bohemia",51313,59.2,8930,3.52,4.2,108,1328,1452,0.68,3.86,124,1390,0.0270886519985189,5269,164052,36,4557,-1,""
1917,"issuance after transaction",20841.5454545455,19991.2761904762,5.45454545454545,31,6,-2838.8,84743.5,"Female",1969,"Jesenik","north Moravia",42821,48.4,8173,7.01,7.01,124,1358,1358,0,7.01,0,1358,0.0317134116438196,5282,388512,48,8094,-1,""
1944,"monthly issuance",9540.5,8850.5,5.1,43,7,900,40560.3,"Female",1957,"Hl.m. Praha","Prague",1204953,100,12541,0.29,0.43,167,85677,99107,0.14,0.36,13430,92392,0.0766768496364588,5285,78936,12,6578,1,""
2063,"monthly issuance",17109.95,7066.66666666667,2.5,50,4,800,63263.1,"Female",1950,"Frydek - Mistek","north Moravia",228848,57.2,9893,4.09,4.72,96,5623,5887,0.63,4.405,264,5755,0.0251476962874921,5301,141948,36,3943,1,""
2136,"monthly issuance",20456.2470588235,20443.1733333333,7.05882352941176,60,7,600,67486,"Female",1940,"Plzen - sever","west Bohemia",72541,36.9,8594,1.62,2.01,112,1580,1525,0.39,1.815,-55,1552.5,0.0214016900787141,5310,248148,36,6893,1,""
2141,"monthly issuance",21643.0363636364,21381.16,8.45454545454546,49,6,500,69382.9,"Male",1951,"Plzen - sever","west Bohemia",72541,36.9,8594,1.62,2.01,112,1580,1525,0.39,1.815,-55,1552.5,0.0214016900787141,5311,30060,60,501,1,"classic"
2148,"weekly issuance",48456.4071428571,45905.0769230769,5.64285714285714,47,5,1100,139880.9,"Female",1953,"Tachov","west Bohemia",51313,59.2,8930,3.52,4.2,108,1328,1452,0.68,3.86,124,1390,0.0270886519985189,5312,202788,36,5633,1,""
2181,"monthly issuance",38315.6166666667,44421.2,6.16666666666667,32,7,700,120512.8,"Male",1968,"Nachod","east Bohemia",112709,73.5,8369,1.79,2.31,117,2854,2618,0.52,2.05,-236,2736,0.0242749026253449,5316,165960,36,4610,1,""
2195,"monthly issuance",24098.29,22749.1555555556,4.6,58,7,300,74408.8,"Female",1942,"Teplice","north Bohemia",128118,85.3,9317,6.49,7.07,97,6949,6872,0.58,6.78,-77,6910.5,0.0539385566430946,5319,239460,60,3991,1,""
2235,"monthly issuance",17187.1142857143,17203.44,3.57142857142857,60,7,1000,65898.5,"Female",1940,"Pribram","central Bohemia",107870,58,8754,3.83,4.31,137,3804,3868,0.48,4.07,64,3836,0.0355613238157041,5325,105804,36,2939,1,""
2259,"weekly issuance",40877.1210526316,38225.2777777778,5,50,5,500,104859.1,"Female",1950,"Prachatice","south Bohemia",51428,52.7,8402,3.13,3.98,120,999,1099,0.85,3.555,100,1049,0.0203974488605429,5329,396120,60,6602,1,""
2288,"monthly issuance",30087.76,18950,3,43,4,700,83862.8,"Female",1957,"Ceska Lipa","north Bohemia",105058,81,9272,2.8,3.22,118,4340,4505,0.42,3.01,165,4422.5,0.0420957947038779,5337,162468,36,4513,1,""
2392,"weekly issuance",21839.38,20935.6923076923,4,45,5,900,88597.4,"Male",1955,"Plzen - mesto","west Bohemia",170449,100,10787,2.64,3.09,131,6041,6261,0.45,2.865,220,6151,0.0360870406983907,5350,249312,48,5194,1,""
2403,"weekly issuance",34641.3388888889,31608.7777777778,6.78947368421053,37,7,900,93928.5,"Female",1963,"Hodonin","south Moravia",161954,48,8720,3.73,4.5,116,3729,3651,0.77,4.115,-78,3690,0.0227842473788854,5351,205200,36,5700,1,""
2422,"monthly issuance",10457.7,7760,2.33333333333333,24,6,800,51242.2,"Female",1976,"Frydek - Mistek","north Moravia",228848,57.2,9893,4.09,4.72,96,5623,5887,0.63,4.405,264,5755,0.0251476962874921,5352,68400,12,5700,-1,""
2501,"monthly issuance",46072.225,46988.1142857143,5.25,60,4,300,128146,"Female",1940,"Karvina","north Moravia",285387,89.9,10177,6.63,7.75,81,9878,10108,1.12,7.19,230,9993,0.0350156103816922,5366,86184,12,7182,1,""
2550,"monthly issuance",13798.9,15611.7333333333,4.75,24,4,400,43218.7,"Female",1976,"Hl.m. Praha","Prague",1204953,100,12541,0.29,0.43,167,85677,99107,0.14,0.36,13430,92392,0.0766768496364588,5375,101520,12,8460,1,""
2592,"monthly issuance",22735.5875,22039.3,3.875,20,4,700,76403.1,"Female",1980,"Hl.m. Praha","Prague",1204953,100,12541,0.29,0.43,167,85677,99107,0.14,0.36,13430,92392,0.0766768496364588,5385,71460,36,1985,1,""
2606,"weekly issuance",32343.1090909091,33572.3,6.45454545454545,57,4,200,73559.9,"Male",1943,"Tachov","west Bohemia",51313,59.2,8930,3.52,4.2,108,1328,1452,0.68,3.86,124,1390,0.0270886519985189,5388,61560,12,5130,1,""
2623,"monthly issuance",24772.9533333333,25253.1846153846,5.13333333333333,35,7,200,79869.8,"Female",1965,"Jindrichuv Hradec","south Bohemia",93931,56.9,8427,1.12,1.54,107,1874,1913,0.42,1.33,39,1893.5,0.0201584141550713,5390,170256,24,7094,1,""
2635,"monthly issuance",58054.2357142857,61023.8923076923,9,34,7,500,193909.9,"Female",1966,"Bruntal","north Moravia",106054,63.1,8110,5.77,6.55,109,3244,3079,0.78,6.16,-165,3161.5,0.0298102853263432,5395,299088,36,8308,-1,""
2686,"monthly issuance",41292.1384615385,41504.1833333333,4.53846153846154,49,6,600,110447.5,"Female",1951,"Prachatice","south Bohemia",51428,52.7,8402,3.13,3.98,120,999,1099,0.85,3.555,100,1049,0.0203974488605429,5409,182040,60,3034,1,""
2698,"weekly issuance",35100.8894736842,40336.5625,5.45,30,6,300,122342.1,"Female",1970,"Tachov","west Bohemia",51313,59.2,8930,3.52,4.2,108,1328,1452,0.68,3.86,124,1390,0.0270886519985189,5413,92976,24,3874,1,""
2700,"monthly issuance",19231.5461538462,16762.5,2.61538461538462,55,6,700,145318.2,"Male",1945,"Chomutov","north Bohemia",125236,87.7,9675,6.43,7.68,100,5323,5190,1.25,7.055,-133,5256.5,0.0419727554377336,5414,185952,48,3874,1,""
2708,"monthly issuance",10490.2285714286,8766.66666666667,2.21428571428571,42,5,300,65062.8,"Male",1958,"Opava","north Moravia",182027,56.4,8746,3.33,3.74,90,4355,4433,0.41,3.535,78,4394,0.0241392760414664,5415,139464,36,3874,-1,""
2719,"monthly issuance",37966.3181818182,38885.62,5.21739130434783,36,7,300,123013.2,"Female",1964,"Rokycany","west Bohemia",45714,55.6,8843,2.82,3.6,113,818,888,0.78,3.21,70,853,0.0186594916218226,5418,347952,48,7249,1,""
2746,"monthly issuance",24494.7666666667,22071.8352941176,5.33333333333333,29,5,200,77158.8,"Male",1971,"Hl.m. Praha","Prague",1204953,100,12541,0.29,0.43,167,85677,99107,0.14,0.36,13430,92392,0.0766768496364588,5429,20196,36,561,1,""
2809,"monthly issuance",40527.5833333333,41526.094117647,9.88888888888889,21,5,900,119892.5,"Male",1979,"Decin","north Bohemia",133777,84.7,8705,5.75,7.61,116,4650,4859,1.86,6.68,209,4754.5,0.0355404890227767,5445,46320,24,1930,1,""
2831,"monthly issuance",11679.0727272727,10849.5111111111,4.72727272727273,20,6,300,46568,"Female",1980,"Frydek - Mistek","north Moravia",228848,57.2,9893,4.09,4.72,96,5623,5887,0.63,4.405,264,5755,0.0251476962874921,5449,99336,24,4139,1,""
2834,"monthly issuance",20145.9,21843.2,5.28571428571429,51,7,500,62238.8,"Male",1949,"Kolin","central Bohemia",95616,51.4,9307,3.85,4.43,118,2616,3040,0.58,4.14,424,2828,0.029576639892905,5450,199680,60,3328,1,""
2843,"monthly issuance",20477.04375,20186.5,6.875,34,5,300,74419.8,"Female",1966,"Karvina","north Moravia",285387,89.9,10177,6.63,7.75,81,9878,10108,1.12,7.19,230,9993,0.0350156103816922,5452,49440,60,824,1,""
2853,"monthly issuance",9706.20714285714,10237.7636363636,5.35714285714286,44,6,500,41876.9,"Female",1956,"Plzen - sever","west Bohemia",72541,36.9,8594,1.62,2.01,112,1580,1525,0.39,1.815,-55,1552.5,0.0214016900787141,5453,156672,36,4352,1,""
2922,"monthly issuance",50592.7666666667,49027.9285714286,6,60,7,900,122452.2,"Male",1940,"Karlovy Vary","west Bohemia",122603,80,8991,1.39,2.01,128,5198,5273,0.62,1.7,75,5235.5,0.0427028702397168,5464,95808,12,7984,1,""
2966,"monthly issuance",27098.9125,28226.6333333333,4.375,45,5,600,83553.5,"Male",1955,"Znojmo","south Moravia",114200,43.7,8403,5.74,5.72,105,2157,2718,-0.0200000000000005,5.73,561,2437.5,0.0213441330998249,5470,200976,48,4187,1,""
3001,"monthly issuance",57335,55202.88,6.63636363636364,42,7,200,125254.2,"Male",1958,"Hl.m. Praha","Prague",1204953,100,12541,0.29,0.43,167,85677,99107,0.14,0.36,13430,92392,0.0766768496364588,5479,24516,12,2043,1,""
3013,"monthly issuance",9427.35238095238,9222.57894736842,5.52380952380952,50,6,1100,37946.3,"Female",1950,"Trutnov","east Bohemia",121947,70.5,8541,2.51,2.97,131,3496,3839,0.46,2.74,343,3667.5,0.030074540579104,5482,165120,60,2752,1,""
3103,"issuance after transaction",52270.305,51612.6631578947,6.8,27,6,600,126072,"Female",1973,"Zlin","south Moravia",197099,74.7,9624,1.6,2.31,145,4484,4265,0.71,1.955,-219,4374.5,0.0221944302101989,5494,360000,48,7500,1,""
3113,"monthly issuance",13703.9555555556,11687.5714285714,4.88888888888889,29,5,500,54020.1,"Female",1971,"Prostejov","south Moravia",110643,51.9,8441,3.45,4.48,115,1879,2252,1.03,3.965,373,2065.5,0.0186681489113636,5495,89340,60,1489,1,""
3251,"monthly issuance",19764.55,18555.7090909091,5.38461538461539,38,7,700,64577.8,"Female",1962,"Melnik","central Bohemia",94725,63.4,9920,2.26,2.87,130,4289,4846,0.61,2.565,557,4567.5,0.0482185273159145,5519,91632,12,7636,1,""
3264,"issuance after transaction",17003.28,12575,3.16666666666667,50,7,600,52378.2,"Female",1950,"Vyskov","south Moravia",86513,50.5,8288,3.79,4.52,110,1562,1460,0.73,4.155,-102,1511,0.0174655832071481,5523,93888,36,2608,1,""
3335,"monthly issuance",62003.6,66782.8266666666,8.94117647058824,33,7,500,141386,"Male",1967,"Prachatice","south Bohemia",51428,52.7,8402,3.13,3.98,120,999,1099,0.85,3.555,100,1049,0.0203974488605429,5533,111384,24,4641,1,""
3414,"monthly issuance",15821.44,14585.425,4.3,53,7,800,51971.4,"Female",1947,"Praha - zapad","central Bohemia",75637,36.5,9622,0.45,0.59,154,3475,3529,0.14,0.52,54,3502,0.046300091225194,5549,50460,60,841,1,""
3519,"monthly issuance",43908.525,53351.3,5.45,51,6,1100,147375.1,"Male",1949,"Ostrava - mesto","north Moravia",323870,100,10673,4.75,5.44,100,18782,18347,0.69,5.095,-435,18564.5,0.0573208386080835,5563,380160,60,6336,1,""
3542,"monthly issuance",38974.6333333333,39789.5818181818,7,61,7,1100,121891.4,"Male",1939,"Praha - vychod","central Bohemia",92084,46.7,10124,0.56,0.54,141,3810,4316,-0.02,0.55,506,4063,0.0441227574822988,5568,272520,60,4542,1,""
3576,"monthly issuance",42884.44,42303.4842105263,6,61,7,1000,144715.3,"Female",1939,"Hl.m. Praha","Prague",1204953,100,12541,0.29,0.43,167,85677,99107,0.14,0.36,13430,92392,0.0766768496364588,5576,31248,12,2604,1,""
3616,"monthly issuance",22238.26,24150,2.8,36,4,900,62891.3,"Female",1964,"Vsetin","north Moravia",148545,53.5,8909,4.01,5.56,113,3460,3590,1.55,4.785,130,3525,0.0237301827728971,5586,48744,36,1354,1,""
3649,"monthly issuance",18686.35,17863.4,3.33333333333333,41,4,300,62153.6,"Female",1959,"Praha - vychod","central Bohemia",92084,46.7,10124,0.56,0.54,141,3810,4316,-0.02,0.55,506,4063,0.0441227574822988,5591,155616,48,3242,1,""
3670,"monthly issuance",27519.347826087,31066.55,4.875,20,6,1000,129394.2,"Female",1980,"Chrudim","east Bohemia",105606,53,8254,2.79,3.76,97,2166,2325,0.97,3.275,159,2245.5,0.0212629964206579,5593,277884,36,7719,-1,""
3687,"monthly issuance",43893.725,46729.5428571428,7.875,28,7,900,107680.9,"Male",1972,"Prostejov","south Moravia",110643,51.9,8441,3.45,4.48,115,1879,2252,1.03,3.965,373,2065.5,0.0186681489113636,5595,82896,12,6908,1,"classic"
3705,"monthly issuance",11007.3304347826,10538.1523809524,6.56521739130435,35,7,1000,41137.4,"Female",1965,"Teplice","north Bohemia",128118,85.3,9317,6.49,7.07,97,6949,6872,0.58,6.78,-77,6910.5,0.0539385566430946,5599,15420,12,1285,1,""
3730,"weekly issuance",21457.3125,22620,3.625,55,4,300,111044.2,"Female",1945,"Kromeriz","south Moravia",108871,62.1,8444,3.24,3.47,106,2595,2305,0.23,3.355,-290,2450,0.0225036970359416,5606,253512,36,7042,-1,""
3763,"monthly issuance",42922.047368421,43408.1176470588,6.73684210526316,23,6,700,138433.7,"Female",1977,"Louny","north Bohemia",85852,59.8,8965,7.08,8.23,104,2653,2822,1.15,7.655,169,2737.5,0.0318862693938406,5610,123216,48,2567,1,""
3767,"monthly issuance",30745.2555555556,29940.475,4.22222222222222,64,4,700,90257.3,"Male",1936,"Ceske Budejovice","south Bohemia",177686,74.8,10045,1.42,1.71,135,6604,6295,0.29,1.565,-309,6449.5,0.0362971759170672,5611,321180,60,5353,1,""
3829,"monthly issuance",18146.8055555556,20827.46,5.27777777777778,28,7,-2485.5,89733.5,"Male",1972,"Novy Jicin","north Moravia",161227,69.7,8678,5.93,5.57,102,4980,4595,-0.359999999999999,5.75,-385,4787.5,0.0296941579264019,5624,177744,48,3703,-1,""
3855,"monthly issuance",26835.1142857143,24316.3538461538,4.21428571428571,61,5,800,130659.1,"Male",1939,"Rokycany","west Bohemia",45714,55.6,8843,2.82,3.6,113,818,888,0.78,3.21,70,853,0.0186594916218226,5625,222180,60,3703,-1,""
3907,"monthly issuance",30096.3894736842,34336.5875,3.85,46,5,200,142917.9,"Female",1954,"Hl.m. Praha","Prague",1204953,100,12541,0.29,0.43,167,85677,99107,0.14,0.36,13430,92392,0.0766768496364588,5635,77184,36,2144,1,""
4056,"monthly issuance",11299.7555555556,13199.5666666667,5.11111111111111,48,7,800,41106.2,"Female",1952,"Vyskov","south Moravia",86513,50.5,8288,3.79,4.52,110,1562,1460,0.73,4.155,-102,1511,0.0174655832071481,5657,4980,12,415,1,""
4217,"monthly issuance",16008.9125,16740.56,4,49,6,1000,55576.8,"Female",1951,"Nymburk","central Bohemia",81344,55.3,8899,3.39,3.97,149,2987,2487,0.58,3.68,-500,2737,0.0336472265932337,5693,44088,24,1837,1,""
4352,"weekly issuance",20889.7045454545,20485.8095238095,5.90909090909091,29,6,500,113865.5,"Male",1971,"Olomouc","north Moravia",226122,62.6,8994,3.8,4.79,110,9672,9208,0.99,4.295,-464,9440,0.041747375310673,5706,161496,36,4486,1,""
4377,"monthly issuance",17212.2,17938.0095238095,7.21739130434783,22,7,900,59898.4,"Male",1978,"Rychnov nad Kneznou","east Bohemia",78955,59,9060,1.78,2.44,124,1655,1717,0.66,2.11,62,1686,0.0213539357862073,5713,158760,60,2646,1,""
4428,"monthly issuance",32078.3444444444,30194.9294117647,5.78947368421053,46,7,1000,140228.7,"Male",1954,"Louny","north Bohemia",85852,59.8,8965,7.08,8.23,104,2653,2822,1.15,7.655,169,2737.5,0.0318862693938406,5723,23628,12,1969,1,""
4433,"monthly issuance",11978.9,13135.14,6.04347826086957,32,7,800,39616.2,"Male",1968,"Hl.m. Praha","Prague",1204953,100,12541,0.29,0.43,167,85677,99107,0.14,0.36,13430,92392,0.0766768496364588,5724,316140,60,5269,-1,""
4434,"monthly issuance",18894.475,18498.96,5.33333333333333,36,5,800,62903.5,"Male",1964,"Zlin","south Moravia",197099,74.7,9624,1.6,2.31,145,4484,4265,0.71,1.955,-219,4374.5,0.0221944302101989,5725,444864,48,9268,1,""
4520,"monthly issuance",11492.4,9826.05714285714,5.625,43,6,1100,41703.3,"Female",1957,"Hl.m. Praha","Prague",1204953,100,12541,0.29,0.43,167,85677,99107,0.14,0.36,13430,92392,0.0766768496364588,5739,76380,12,6365,1,""
4527,"monthly issuance",15493.14,8550,2.6,37,6,200,56498.4,"Female",1963,"Hl.m. Praha","Prague",1204953,100,12541,0.29,0.43,167,85677,99107,0.14,0.36,13430,92392,0.0766768496364588,5740,18564,12,1547,1,""
4529,"weekly issuance",28162.8777777778,28717,6,24,4,900,94207.7,"Male",1976,"Litomerice","north Bohemia",114006,62.3,9065,4.46,5.39,123,4147,4166,0.93,4.925,19,4156.5,0.0364586074417136,5741,68544,24,2856,1,""
4584,"monthly issuance",34799.6043478261,35746.7523809524,7.1304347826087,51,6,13097.7,86343.2,"Female",1949,"Melnik","central Bohemia",94725,63.4,9920,2.26,2.87,130,4289,4846,0.61,2.565,557,4567.5,0.0482185273159145,5750,63252,12,5271,1,""
4620,"monthly issuance",15411.0857142857,15531.6315789474,8.14285714285714,60,7,700,54321.8,"Female",1940,"Brno - mesto","south Moravia",387570,100,9897,1.6,1.96,140,18721,18696,0.36,1.78,-25,18708.5,0.0482712800268339,5754,23052,12,1921,1,""
4916,"monthly issuance",39892.4117647059,43952.76,9.17647058823529,61,7,600,130293.2,"Male",1939,"Usti nad Orlici","east Bohemia",139012,61.9,8363,2.52,3.49,108,2564,2799,0.97,3.005,235,2681.5,0.0192897016084942,5804,158976,48,3312,1,""
4918,"monthly issuance",11151.96,6866.66666666667,2.4,32,5,600,43259.7,"Male",1968,"Praha - zapad","central Bohemia",75637,36.5,9622,0.45,0.59,154,3475,3529,0.14,0.52,54,3502,0.046300091225194,5805,137904,24,5746,-1,""
5133,"monthly issuance",48892.5,38679,3.2,41,6,900,119373.5,"Female",1959,"Zdar nad Sazavou","south Moravia",125832,48.3,8512,3.51,4.12,102,2247,2103,0.61,3.815,-144,2175,0.0172849513637231,5836,79632,24,3318,1,""
5134,"monthly issuance",24912.3222222222,28983.5428571429,4.66666666666667,33,7,1000,72512.5,"Female",1967,"Breclav","south Moravia",124605,46,8772,4.69,4.98,126,2854,3158,0.29,4.835,304,3006,0.0241242325749368,5837,244560,60,4076,1,""
5224,"monthly issuance",34903.5153846154,36776.9818181818,4.92307692307692,51,7,900,137087.2,"Male",1949,"Rokycany","west Bohemia",45714,55.6,8843,2.82,3.6,113,818,888,0.78,3.21,70,853,0.0186594916218226,5861,51408,24,2142,1,""
5318,"weekly issuance",33677.3538461538,33874.25,5.46153846153846,32,6,1100,106144.8,"Male",1968,"Ostrava - mesto","north Moravia",323870,100,10673,4.75,5.44,100,18782,18347,0.69,5.095,-435,18564.5,0.0573208386080835,5876,221280,48,4610,1,""
5320,"monthly issuance",12793.3222222222,13175.0125,6.22222222222222,49,7,1000,43393,"Female",1951,"Karlovy Vary","west Bohemia",122603,80,8991,1.39,2.01,128,5198,5273,0.62,1.7,75,5235.5,0.0427028702397168,5877,97224,24,4051,1,""
5333,"monthly issuance",27493.3,31250,2.71428571428571,33,5,900,129607.8,"Female",1967,"Most","north Bohemia",119895,89.9,10446,7.34,9.4,90,4947,4743,2.06,8.37,-204,4845,0.0404103590641812,5880,73836,36,2051,1,""
5337,"monthly issuance",12404.1625,14061.6153846154,5.25,39,7,800,43442.2,"Male",1961,"Ceska Lipa","north Bohemia",105058,81,9272,2.8,3.22,118,4340,4505,0.42,3.01,165,4422.5,0.0420957947038779,5882,87816,12,7318,1,""
5364,"monthly issuance",42911.06,46689.05,5.2,36,4,200,128778.8,"Male",1964,"Uherske Hradiste","south Moravia",145688,40.7,8544,1.29,1.86,109,2719,2906,0.57,1.575,187,2812.5,0.0193049530503542,5886,192744,36,5354,1,""
5366,"monthly issuance",19061.13125,19711.3571428571,4.75,29,7,700,121508.1,"Female",1971,"Prostejov","south Moravia",110643,51.9,8441,3.45,4.48,115,1879,2252,1.03,3.965,373,2065.5,0.0186681489113636,5887,192744,36,5354,1,""
5384,"weekly issuance",17098.24,16866.6666666667,2,65,5,900,77551,"Male",1935,"Opava","north Moravia",182027,56.4,8746,3.33,3.74,90,4355,4433,0.41,3.535,78,4394,0.0241392760414664,5892,66480,24,2770,-1,""
5399,"monthly issuance",15439.1391304348,16083.2476190476,7.34782608695652,28,6,500,48157.1,"Female",1972,"Karlovy Vary","west Bohemia",122603,80,8991,1.39,2.01,128,5198,5273,0.62,1.7,75,5235.5,0.0427028702397168,5897,15192,24,633,1,""
5433,"monthly issuance",50278.3666666667,54847.14,6.41666666666667,25,5,200,146479.5,"Male",1975,"Svitavy","east Bohemia",102609,52,8187,4.83,5.45,94,2123,2134,0.62,5.14,11,2128.5,0.0207437944039996,5900,135360,48,2820,1,"junior"
5517,"monthly issuance",20874.1333333333,19686.9818181818,5.91666666666667,36,7,300,57676.7,"Male",1964,"Plzen - jih","west Bohemia",67298,43.8,8561,0.65,1.29,110,1029,1127,0.64,0.97,98,1078,0.0160183066361556,5918,300204,36,8339,1,""
5521,"monthly issuance",21950.5,25789.1777777778,4.25,27,6,500,122906.7,"Female",1973,"Nymburk","central Bohemia",81344,55.3,8899,3.39,3.97,149,2987,2487,0.58,3.68,-500,2737,0.0336472265932337,5922,20220,12,1685,1,""
5526,"monthly issuance",12129.78,5300,2.4,53,4,200,44749,"Male",1947,"Plzen - jih","west Bohemia",67298,43.8,8561,0.65,1.29,110,1029,1127,0.64,0.97,98,1078,0.0160183066361556,5923,64656,48,1347,1,""
5606,"monthly issuance",8220.27272727273,10455.8571428571,4.90909090909091,20,5,200,35650.8,"Male",1980,"Kladno","central Bohemia",149893,67.4,9753,4.64,5.05,109,5244,5892,0.41,4.845,648,5568,0.0371464978351224,5938,402000,60,6700,1,""
5701,"monthly issuance",33397.3,33691.12,3.28571428571429,41,5,600,107783.7,"Female",1959,"Benesov","central Bohemia",88884,46.7,8507,1.67,1.85,132,2159,2674,0.18,1.76,515,2416.5,0.027187120291616,5959,107640,24,4485,1,""
5760,"monthly issuance",24232.752631579,23514.9888888889,5.42105263157895,52,6,300,79557.6,"Male",1948,"Zdar nad Sazavou","south Moravia",125832,48.3,8512,3.51,4.12,102,2247,2103,0.61,3.815,-144,2175,0.0172849513637231,5970,465072,48,9689,1,""
5826,"monthly issuance",12901.6066666667,12980.1538461538,5.2,32,6,1000,46848.9,"Male",1968,"Cesky Krumlov","south Bohemia",58796,51.9,9045,3.13,3.6,124,1845,1879,0.47,3.365,34,1862,0.0316688210082319,5980,21396,12,1783,1,""
5858,"monthly issuance",24472.8857142857,20650,2.57142857142857,48,4,200,123310.1,"Male",1952,"Usti nad Orlici","east Bohemia",139012,61.9,8363,2.52,3.49,108,2564,2799,0.97,3.005,235,2681.5,0.0192897016084942,5988,141648,24,5902,1,""
5860,"monthly issuance",11245.8454545455,10708.6222222222,5.36363636363636,36,5,400,42443.7,"Male",1964,"Pardubice","east Bohemia",162580,72.8,9538,1.51,1.81,111,6079,5410,0.3,1.66,-669,5744.5,0.0353333743387871,5989,213300,36,5925,1,""
5911,"monthly issuance",23678.7,16300,2.6,65,7,800,76985.2,"Male",1935,"Ceske Budejovice","south Bohemia",177686,74.8,10045,1.42,1.71,135,6604,6295,0.29,1.565,-309,6449.5,0.0362971759170672,5997,117024,24,4876,1,""
5928,"monthly issuance",17452.1869565217,17820.4952380952,7.69565217391304,30,6,500,63095.4,"Female",1970,"Havlickuv Brod","east Bohemia",95907,59.1,8388,2.41,2.94,87,1658,1668,0.53,2.675,10,1663,0.0173397145151032,5999,98832,48,2059,1,""
5965,"monthly issuance",38715.8411764706,36460.7647058823,7.72222222222222,49,7,700,134571.2,"Male",1951,"Pribram","central Bohemia",107870,58,8754,3.83,4.31,137,3804,3868,0.48,4.07,64,3836,0.0355613238157041,6004,143904,24,5996,1,""
5977,"monthly issuance",13372.24375,17399.64,2.82352941176471,21,5,900,127807.6,"Male",1979,"Hradec Kralove","east Bohemia",161854,76.3,9425,1.72,2.5,125,4085,3891,0.78,2.11,-194,3988,0.0246394899106602,6006,359760,60,5996,1,""
6015,"monthly issuance",22760.7090909091,23810.3333333333,4.72727272727273,27,4,200,81614.7,"Male",1973,"Brno - mesto","south Moravia",387570,100,9897,1.6,1.96,140,18721,18696,0.36,1.78,-25,18708.5,0.0482712800268339,6011,179328,48,3736,1,""
6033,"weekly issuance",13770.3,10625,2.28571428571429,34,4,600,61790.4,"Male",1966,"Hl.m. Praha","Prague",1204953,100,12541,0.29,0.43,167,85677,99107,0.14,0.36,13430,92392,0.0766768496364588,6012,258444,36,7179,1,""
6034,"weekly issuance",17494.9722222222,19076.81875,4.55555555555556,61,6,-36.1,78192.9,"Male",1939,"Strakonice","south Bohemia",70646,58.4,8547,2.65,3.64,120,1563,1542,0.99,3.145,-21,1552.5,0.0219757664977493,6013,128988,36,3583,-1,""
6042,"monthly issuance",63337.7083333333,65319.42,6.83333333333333,37,5,700,135658.1,"Male",1963,"Blansko","south Moravia",107911,50.9,8240,2.53,3.56,99,1850,1903,1.03,3.045,53,1876.5,0.0173893300960977,6015,110112,24,4588,1,""
6077,"monthly issuance",8969.05,8867.57777777778,6.41666666666667,20,5,300,39514.1,"Female",1980,"Brno - mesto","south Moravia",387570,100,9897,1.6,1.96,140,18721,18696,0.36,1.78,-25,18708.5,0.0482712800268339,6019,11400,12,950,1,""
6115,"weekly issuance",17985.0714285714,22066.6666666667,1.71428571428571,47,5,400,89256.9,"Female",1953,"Rakovnik","central Bohemia",53921,41.3,8598,2.77,3.26,123,1597,1875,0.49,3.015,278,1736,0.0321952486044398,6027,61656,24,2569,-1,""
6178,"monthly issuance",27758.3785714286,35493.0666666667,4.07142857142857,60,7,200,119934.1,"Female",1940,"Hl.m. Praha","Prague",1204953,100,12541,0.29,0.43,167,85677,99107,0.14,0.36,13430,92392,0.0766768496364588,6038,323472,48,6739,1,""
6185,"monthly issuance",10808.2888888889,10856.1428571429,4.8,52,5,400,44427.9,"Female",1948,"Jihlava","south Moravia",109164,63.6,8757,3.38,3.95,96,2212,2471,0.57,3.665,259,2341.5,0.0214493789161262,6043,20352,48,424,1,""
6299,"monthly issuance",44508.9,44264.725,5.55555555555556,64,5,1000,130775,"Male",1936,"Hl.m. Praha","Prague",1204953,100,12541,0.29,0.43,167,85677,99107,0.14,0.36,13430,92392,0.0766768496364588,6063,320976,48,6687,-1,""
6301,"monthly issuance",17399.7076923077,15941.1166666667,7.84615384615385,51,7,200,52184.7,"Female",1949,"Brno - venkov","south Moravia",157042,33.9,8743,1.88,2.43,111,3659,3894,0.55,2.155,235,3776.5,0.0240477069828454,6064,14628,12,1219,1,""
6317,"issuance after transaction",49970.5642857143,46550.4615384615,5.35714285714286,43,7,1000,134416.6,"Female",1957,"Vsetin","north Moravia",148545,53.5,8909,4.01,5.56,113,3460,3590,1.55,4.785,130,3525,0.0237301827728971,6066,173808,24,7242,1,""
6349,"issuance after transaction",35772.5,41080,3.625,28,7,800,120567.3,"Male",1972,"Olomouc","north Moravia",226122,62.6,8994,3.8,4.79,110,9672,9208,0.99,4.295,-464,9440,0.041747375310673,6072,193968,36,5388,1,""
6359,"monthly issuance",9212.28235294118,9925.43076923077,5.41176470588235,24,5,500,40755,"Male",1976,"Zlin","south Moravia",197099,74.7,9624,1.6,2.31,145,4484,4265,0.71,1.955,-219,4374.5,0.0221944302101989,6073,276300,60,4605,1,""
6367,"monthly issuance",47116.5818181818,41453.66,4.81818181818182,30,7,800,125825.7,"Male",1970,"Chrudim","east Bohemia",105606,53,8254,2.79,3.76,97,2166,2325,0.97,3.275,159,2245.5,0.0212629964206579,6077,79608,24,3317,1,""
6417,"monthly issuance",32569.3636363636,32434.4,6,50,7,800,135175.2,"Male",1950,"Teplice","north Bohemia",128118,85.3,9317,6.49,7.07,97,6949,6872,0.58,6.78,-77,6910.5,0.0539385566430946,6087,300660,60,5011,1,""
6499,"weekly issuance",15779.5727272727,15003.7,5.09090909090909,37,7,500,53214,"Male",1963,"Chrudim","east Bohemia",105606,53,8254,2.79,3.76,97,2166,2325,0.97,3.275,159,2245.5,0.0212629964206579,6103,149340,60,2489,1,""
6544,"monthly issuance",55304.895,52651.8526315789,9.1,26,6,1100,151062.3,"Male",1974,"Zdar nad Sazavou","south Moravia",125832,48.3,8512,3.51,4.12,102,2247,2103,0.61,3.815,-144,2175,0.0172849513637231,6109,368880,60,6148,1,""
6551,"monthly issuance",35666.2666666667,31171.36,5.33333333333333,52,7,1000,105628,"Female",1948,"Karlovy Vary","west Bohemia",122603,80,8991,1.39,2.01,128,5198,5273,0.62,1.7,75,5235.5,0.0427028702397168,6111,174744,24,7281,-1,""
6567,"monthly issuance",27414.21875,28779.7733333333,7.375,22,7,-1369.2,96659.4,"Female",1978,"Chomutov","north Bohemia",125236,87.7,9675,6.43,7.68,100,5323,5190,1.25,7.055,-133,5256.5,0.0419727554377336,6112,174744,24,7281,-1,""
6616,"monthly issuance",36644.7571428571,36059.3692307692,4.85714285714286,47,7,1000,110583.8,"Male",1953,"Usti nad Orlici","east Bohemia",139012,61.9,8363,2.52,3.49,108,2564,2799,0.97,3.005,235,2681.5,0.0192897016084942,6120,209184,48,4358,1,""
6691,"monthly issuance",9278.98235294118,9262.84,6.29411764705882,58,5,300,43206,"Male",1942,"Hradec Kralove","east Bohemia",161854,76.3,9425,1.72,2.5,125,4085,3891,0.78,2.11,-194,3988,0.0246394899106602,6130,32640,48,680,1,""
6731,"weekly issuance",49072.7181818182,47579.0476190476,6.63636363636364,57,6,900,112689.5,"Male",1943,"Rakovnik","central Bohemia",53921,41.3,8598,2.77,3.26,123,1597,1875,0.49,3.015,278,1736,0.0321952486044398,6137,44628,12,3719,1,""
6753,"monthly issuance",47586.0428571429,44143.4666666667,5.57142857142857,38,4,800,124090,"Male",1962,"Cesky Krumlov","south Bohemia",58796,51.9,9045,3.13,3.6,124,1845,1879,0.47,3.365,34,1862,0.0316688210082319,6144,44376,12,3698,1,""
6789,"monthly issuance",64206.1571428571,64046.19,9.33333333333333,21,7,700,136436.6,"Male",1979,"Karvina","north Moravia",285387,89.9,10177,6.63,7.75,81,9878,10108,1.12,7.19,230,9993,0.0350156103816922,6150,83016,12,6918,1,""
6798,"monthly issuance",14112.4090909091,13648.1111111111,4.63636363636364,52,6,200,53271.6,"Female",1948,"Trebic","south Moravia",117897,53.8,8814,4.76,5.74,107,2112,2059,0.98,5.25,-53,2085.5,0.0176891693596953,6151,225420,60,3757,1,""
6803,"weekly issuance",29909.3666666667,34427.1428571429,5.44444444444444,20,6,1100,126077.1,"Female",1980,"Kolin","central Bohemia",95616,51.4,9307,3.85,4.43,118,2616,3040,0.58,4.14,424,2828,0.029576639892905,6153,285600,60,4760,1,""
6829,"issuance after transaction",27071.9833333333,19760,3.71428571428571,37,5,900,78713.7,"Female",1963,"Praha - vychod","central Bohemia",92084,46.7,10124,0.56,0.54,141,3810,4316,-0.02,0.55,506,4063,0.0441227574822988,6157,98592,24,4108,1,""
6895,"monthly issuance",10831.7476190476,10381,5.19047619047619,29,7,500,46520.1,"Male",1971,"Havlickuv Brod","east Bohemia",95907,59.1,8388,2.41,2.94,87,1658,1668,0.53,2.675,10,1663,0.0173397145151032,6169,103680,60,1728,-1,""
6936,"monthly issuance",51394,58995.0916666667,7.14285714285714,41,5,-2825.2,129626.3,"Female",1959,"Usti nad Orlici","east Bohemia",139012,61.9,8363,2.52,3.49,108,2564,2799,0.97,3.005,235,2681.5,0.0192897016084942,6175,290700,60,4845,-1,""
6946,"issuance after transaction",32837.1,31155.8,4.5,30,5,600,102665.9,"Female",1970,"Ostrava - mesto","north Moravia",323870,100,10673,4.75,5.44,100,18782,18347,0.69,5.095,-435,18564.5,0.0573208386080835,6178,232560,48,4845,1,""
6987,"monthly issuance",21522.95,15698.12,3.83333333333333,32,5,700,65769.6,"Male",1968,"Hl.m. Praha","Prague",1204953,100,12541,0.29,0.43,167,85677,99107,0.14,0.36,13430,92392,0.0766768496364588,6185,31176,24,1299,1,""
7010,"monthly issuance",23122.48,23968.8,4.9,33,5,300,105255.7,"Male",1967,"Karvina","north Moravia",285387,89.9,10177,6.63,7.75,81,9878,10108,1.12,7.19,230,9993,0.0350156103816922,6190,123600,60,2060,1,""
7127,"monthly issuance",32804.84375,30458.8,5.125,43,7,900,102410.3,"Male",1957,"Brno - mesto","south Moravia",387570,100,9897,1.6,1.96,140,18721,18696,0.36,1.78,-25,18708.5,0.0482712800268339,6202,65184,12,5432,1,""
7166,"monthly issuance",11075.4714285714,11167.44,4.71428571428571,36,7,200,41410,"Male",1964,"Cesky Krumlov","south Bohemia",58796,51.9,9045,3.13,3.6,124,1845,1879,0.47,3.365,34,1862,0.0316688210082319,6210,87216,48,1817,-1,""
7195,"monthly issuance",38419.1153846154,37798.0666666667,7.84615384615385,38,7,1000,107784.1,"Male",1962,"Svitavy","east Bohemia",102609,52,8187,4.83,5.45,94,2123,2134,0.62,5.14,11,2128.5,0.0207437944039996,6216,141240,24,5885,1,""
7241,"monthly issuance",16453.7916666667,14901.8363636364,5.33333333333333,43,7,900,55816,"Female",1957,"Hl.m. Praha","Prague",1204953,100,12541,0.29,0.43,167,85677,99107,0.14,0.36,13430,92392,0.0766768496364588,6223,61056,48,1272,1,""
7286,"monthly issuance",20953.347368421,21434.3764705882,4.94736842105263,30,7,400,69893,"Female",1970,"Pardubice","east Bohemia",162580,72.8,9538,1.51,1.81,111,6079,5410,0.3,1.66,-669,5744.5,0.0353333743387871,6227,28248,24,1177,1,""
7291,"weekly issuance",55233.5888888889,51216.5,7.55555555555556,60,7,200,125943.1,"Female",1940,"Kutna Hora","central Bohemia",77963,51.5,8546,2.95,4.02,126,2640,3120,1.07,3.485,480,2880,0.0369406000282185,6228,464520,60,7742,-1,""
7299,"monthly issuance",23037.5777777778,22805.4,7,62,7,1100,70826.8,"Male",1938,"Hl.m. Praha","Prague",1204953,100,12541,0.29,0.43,167,85677,99107,0.14,0.36,13430,92392,0.0766768496364588,6229,11736,24,489,1,""
7311,"monthly issuance",9280.91666666667,10176.4,4.83333333333333,51,7,500,32720.4,"Male",1949,"Breclav","south Moravia",124605,46,8772,4.69,4.98,126,2854,3158,0.29,4.835,304,3006,0.0241242325749368,6232,276660,36,7685,-1,""
7390,"weekly issuance",49200.66,44101,6.54545454545455,63,6,200,134501.4,"Male",1937,"Hl.m. Praha","Prague",1204953,100,12541,0.29,0.43,167,85677,99107,0.14,0.36,13430,92392,0.0766768496364588,6244,270648,36,7518,-1,""
7422,"monthly issuance",22230.5272727273,22600.2888888889,4.90909090909091,42,7,300,69643.1,"Male",1958,"Ostrava - mesto","north Moravia",323870,100,10673,4.75,5.44,100,18782,18347,0.69,5.095,-435,18564.5,0.0573208386080835,6253,59760,24,2490,1,""
7521,"weekly issuance",41190.8777777778,40124.6470588235,4.77777777777778,40,7,400,121689.5,"Female",1960,"Ostrava - mesto","north Moravia",323870,100,10673,4.75,5.44,100,18782,18347,0.69,5.095,-435,18564.5,0.0573208386080835,6272,398640,60,6644,1,""
7576,"monthly issuance",12428.4727272727,10765.52,2.72727272727273,38,7,200,69174.6,"Male",1962,"Louny","north Bohemia",85852,59.8,8965,7.08,8.23,104,2653,2822,1.15,7.655,169,2737.5,0.0318862693938406,6279,87360,24,3640,1,""
7594,"monthly issuance",41020.1117647059,37337.6875,5,51,5,800,156504.1,"Female",1949,"Zlin","south Moravia",197099,74.7,9624,1.6,2.31,145,4484,4265,0.71,1.955,-219,4374.5,0.0221944302101989,6283,85632,48,1784,1,""
7672,"monthly issuance",25449.1733333333,23364.4,5.9375,47,7,700,74199.5,"Male",1953,"Plzen - mesto","west Bohemia",170449,100,10787,2.64,3.09,131,6041,6261,0.45,2.865,220,6151,0.0360870406983907,6294,79920,60,1332,1,""
7678,"monthly issuance",35529.38125,36473.9285714286,5.4375,38,5,700,91294.4,"Male",1962,"Beroun","central Bohemia",75232,41.7,8980,1.95,2.21,111,2824,2813,0.26,2.08,-11,2818.5,0.0374641110165887,6296,270384,48,5633,1,""
7683,"monthly issuance",13223.54,10737.5714285714,4.8,54,7,900,54432.3,"Male",1946,"Ostrava - mesto","north Moravia",323870,100,10673,4.75,5.44,100,18782,18347,0.69,5.095,-435,18564.5,0.0573208386080835,6297,17508,12,1459,1,""
7723,"monthly issuance",18920.6736842105,18645.1058823529,4.89473684210526,34,5,500,60475.3,"Female",1966,"Rychnov nad Kneznou","east Bohemia",78955,59,9060,1.78,2.44,124,1655,1717,0.66,2.11,62,1686,0.0213539357862073,6302,181020,60,3017,1,""
7727,"issuance after transaction",27290.975,18200,2.6,42,5,700,83619.5,"Female",1958,"Tachov","west Bohemia",51313,59.2,8930,3.52,4.2,108,1328,1452,0.68,3.86,124,1390,0.0270886519985189,6303,72408,24,3017,-1,""
7753,"monthly issuance",14344.8545454545,14024.68,5.68181818181818,22,7,700,50774.2,"Female",1978,"Tachov","west Bohemia",51313,59.2,8930,3.52,4.2,108,1328,1452,0.68,3.86,124,1390,0.0270886519985189,6306,36684,12,3057,1,""
7765,"monthly issuance",21537.7888888889,26687.2,3.31578947368421,42,5,400,140542.8,"Female",1958,"Hl.m. Praha","Prague",1204953,100,12541,0.29,0.43,167,85677,99107,0.14,0.36,13430,92392,0.0766768496364588,6309,110136,24,4589,1,""
7814,"monthly issuance",38859.2230769231,43074.5272727273,5.30769230769231,24,6,800,120071.4,"Female",1976,"Trebic","south Moravia",117897,53.8,8814,4.76,5.74,107,2112,2059,0.98,5.25,-53,2085.5,0.0176891693596953,6315,43164,12,3597,1,""
7815,"monthly issuance",39223.3941176471,40744.325,6,54,7,1100,126002.8,"Female",1946,"Pribram","central Bohemia",107870,58,8754,3.83,4.31,137,3804,3868,0.48,4.07,64,3836,0.0355613238157041,6316,76908,12,6409,-1,""
7914,"weekly issuance",33332.0153846154,30757.9166666667,5.46153846153846,34,7,300,133215.2,"Female",1966,"Louny","north Bohemia",85852,59.8,8965,7.08,8.23,104,2653,2822,1.15,7.655,169,2737.5,0.0318862693938406,6336,212400,36,5900,1,""
7980,"monthly issuance",53397.8111111111,59123.9142857143,6.22222222222222,24,5,400,159712.8,"Male",1976,"Jindrichuv Hradec","south Bohemia",93931,56.9,8427,1.12,1.54,107,1874,1913,0.42,1.33,39,1893.5,0.0201584141550713,6342,60156,36,1671,-1,""
8076,"monthly issuance",8486.2,3600,2.2,50,4,1000,38831,"Female",1950,"Jindrichuv Hradec","south Bohemia",93931,56.9,8427,1.12,1.54,107,1874,1913,0.42,1.33,39,1893.5,0.0201584141550713,6354,22968,36,638,1,""
8091,"weekly issuance",28616.1111111111,28734.75,5.22222222222222,29,7,200,92354.8,"Male",1971,"Semily","east Bohemia",75685,60.8,8208,1.89,2.26,155,1660,2123,0.37,2.075,463,1891.5,0.0249917420889212,6356,95400,36,2650,1,""
8105,"weekly issuance",16356.0529411765,17205.7333333333,5.23529411764706,37,7,200,52658.4,"Male",1963,"Rychnov nad Kneznou","east Bohemia",78955,59,9060,1.78,2.44,124,1655,1717,0.66,2.11,62,1686,0.0213539357862073,6358,137880,60,2298,-1,""
8130,"monthly issuance",19219.10625,18670.8571428571,4.75,24,6,800,69530.4,"Female",1976,"Uherske Hradiste","south Moravia",145688,40.7,8544,1.29,1.86,109,2719,2906,0.57,1.575,187,2812.5,0.0193049530503542,6362,37908,12,3159,1,""
8359,"monthly issuance",26562.3555555556,26300.9058823529,6.27777777777778,21,6,300,71138.8,"Male",1979,"Ostrava - mesto","north Moravia",323870,100,10673,4.75,5.44,100,18782,18347,0.69,5.095,-435,18564.5,0.0573208386080835,6403,194880,48,4060,1,""
8366,"monthly issuance",25859.7111111111,23334.0571428571,4.11111111111111,40,7,600,80155.2,"Female",1960,"Usti nad Labem","north Bohemia",118650,85.6,9832,3.32,4.48,114,6445,5471,1.16,3.9,-974,5958,0.0502149178255373,6407,25944,24,1081,1,""
8432,"monthly issuance",35058.2846153846,41836.12,5.07692307692308,32,5,900,117830.9,"Female",1968,"Louny","north Bohemia",85852,59.8,8965,7.08,8.23,104,2653,2822,1.15,7.655,169,2737.5,0.0318862693938406,6421,96768,36,2688,1,""
8598,"issuance after transaction",35835.425,32558.5714285714,4.66666666666667,43,7,200,112901.6,"Female",1957,"Zlin","south Moravia",197099,74.7,9624,1.6,2.31,145,4484,4265,0.71,1.955,-219,4374.5,0.0221944302101989,6456,47016,12,3918,1,""
8610,"monthly issuance",6290.25,5904.85454545454,6.92857142857143,52,7,300,33484.4,"Female",1948,"Hl.m. Praha","Prague",1204953,100,12541,0.29,0.43,167,85677,99107,0.14,0.36,13430,92392,0.0766768496364588,6460,48672,36,1352,1,""
8615,"weekly issuance",33133.5470588235,38400.8571428571,6.77777777777778,61,5,400,159765.9,"Female",1939,"Pribram","central Bohemia",107870,58,8754,3.83,4.31,137,3804,3868,0.48,4.07,64,3836,0.0355613238157041,6461,74124,36,2059,1,""
8670,"monthly issuance",23173.2857142857,21840.8769230769,7.5,57,5,500,72838.9,"Female",1943,"Kolin","central Bohemia",95616,51.4,9307,3.85,4.43,118,2616,3040,0.58,4.14,424,2828,0.029576639892905,6471,155640,24,6485,1,""
8677,"monthly issuance",9625.38095238095,9805.42222222222,5.66666666666667,45,7,700,40733.8,"Male",1955,"Semily","east Bohemia",75685,60.8,8208,1.89,2.26,155,1660,2123,0.37,2.075,463,1891.5,0.0249917420889212,6474,63360,60,1056,1,""
9173,"monthly issuance",20790.3545454545,22216.0666666667,4.90909090909091,55,7,1100,67529.6,"Male",1945,"Hl.m. Praha","Prague",1204953,100,12541,0.29,0.43,167,85677,99107,0.14,0.36,13430,92392,0.0766768496364588,6499,80952,24,3373,1,""
9196,"monthly issuance",18750.4153846154,19893.1636363636,7.07692307692308,61,5,1000,58621.4,"Female",1939,"Tabor","south Bohemia",103347,67,9104,1.51,2.07,123,2299,2354,0.56,1.79,55,2326.5,0.0225115387964818,6501,30276,12,2523,-1,""
9226,"monthly issuance",33279.1230769231,42021.4,7.53846153846154,61,7,200,113350.7,"Female",1939,"Zlin","south Moravia",197099,74.7,9624,1.6,2.31,145,4484,4265,0.71,1.955,-219,4374.5,0.0221944302101989,6509,55368,24,2307,1,""
9236,"monthly issuance",6909.8,6198.52727272727,5.85714285714286,44,7,500,31462.9,"Female",1956,"Kladno","central Bohemia",149893,67.4,9753,4.64,5.05,109,5244,5892,0.41,4.845,648,5568,0.0371464978351224,6512,63312,48,1319,1,""
9273,"monthly issuance",21816.5555555556,23376.2571428571,4,45,7,700,76736.9,"Female",1955,"Most","north Bohemia",119895,89.9,10446,7.34,9.4,90,4947,4743,2.06,8.37,-204,4845,0.0404103590641812,6520,91200,24,3800,1,""
9316,"monthly issuance",19168.1,15666.6666666667,3.4,42,6,600,71939.2,"Female",1958,"Vyskov","south Moravia",86513,50.5,8288,3.79,4.52,110,1562,1460,0.73,4.155,-102,1511,0.0174655832071481,6526,288468,36,8013,1,""
9346,"monthly issuance",22970.2,24742.5,7.5,28,6,500,71527,"Male",1972,"Hradec Kralove","east Bohemia",161854,76.3,9425,1.72,2.5,125,4085,3891,0.78,2.11,-194,3988,0.0246394899106602,6535,41952,12,3496,1,""
9366,"weekly issuance",38918.4166666667,39230.2727272727,4.66666666666667,25,5,400,112363.1,"Male",1975,"Olomouc","north Moravia",226122,62.6,8994,3.8,4.79,110,9672,9208,0.99,4.295,-464,9440,0.041747375310673,6540,309600,48,6450,1,""
9417,"monthly issuance",56620.89,48768.78,8.7,51,5,400,128539.4,"Male",1949,"Tabor","south Bohemia",103347,67,9104,1.51,2.07,123,2299,2354,0.56,1.79,55,2326.5,0.0225115387964818,6545,191880,60,3198,1,""
9418,"monthly issuance",16790.9105263158,16836.7294117647,6.15789473684211,50,7,600,56122.8,"Male",1950,"Hl.m. Praha","Prague",1204953,100,12541,0.29,0.43,167,85677,99107,0.14,0.36,13430,92392,0.0766768496364588,6546,31728,24,1322,1,""
9427,"monthly issuance",40318.29375,38396.2666666667,5.5,30,5,500,117827.8,"Female",1970,"Uherske Hradiste","south Moravia",145688,40.7,8544,1.29,1.86,109,2719,2906,0.57,1.575,187,2812.5,0.0193049530503542,6550,320592,48,6679,1,"classic"
9593,"monthly issuance",56005.0692307692,53066.4307692308,7.28571428571429,32,7,600,124339.4,"Female",1968,"Ostrava - mesto","north Moravia",323870,100,10673,4.75,5.44,100,18782,18347,0.69,5.095,-435,18564.5,0.0573208386080835,6577,51696,24,2154,1,"classic"
9606,"weekly issuance",16834.9647058824,16738.375,4.22222222222222,51,6,500,82352.4,"Male",1949,"Usti nad Orlici","east Bohemia",139012,61.9,8363,2.52,3.49,108,2564,2799,0.97,3.005,235,2681.5,0.0192897016084942,6578,27984,12,2332,1,""
9611,"monthly issuance",36191.55,28953.5714285714,5.875,42,7,900,97457.4,"Male",1958,"Cheb","west Bohemia",87419,85.5,8624,1.79,2.66,102,2879,3198,0.87,2.225,319,3038.5,0.0347578901611778,6580,196080,48,4085,1,""
9641,"monthly issuance",63283.3619047619,61065.2380952381,7.81818181818182,55,5,500,128495.4,"Male",1945,"Zlin","south Moravia",197099,74.7,9624,1.6,2.31,145,4484,4265,0.71,1.955,-219,4374.5,0.0221944302101989,6585,372120,60,6202,1,""
9663,"weekly issuance",62195.4666666667,58890.875,9.88888888888889,55,5,700,125386.9,"Male",1945,"Prachatice","south Bohemia",51428,52.7,8402,3.13,3.98,120,999,1099,0.85,3.555,100,1049,0.0203974488605429,6589,189696,24,7904,1,""
9670,"monthly issuance",10978.6611111111,11233.9625,8.38888888888889,52,7,500,41997.9,"Male",1948,"Louny","north Bohemia",85852,59.8,8965,7.08,8.23,104,2653,2822,1.15,7.655,169,2737.5,0.0318862693938406,6591,20832,48,434,1,""
9702,"monthly issuance",32183.15,29660.3142857143,3.875,49,7,1000,83039.4,"Female",1951,"Hl.m. Praha","Prague",1204953,100,12541,0.29,0.43,167,85677,99107,0.14,0.36,13430,92392,0.0766768496364588,6596,91584,24,3816,1,""
9715,"monthly issuance",41513.6722222222,41637.0470588235,8.16666666666667,23,7,300,111588.8,"Female",1977,"Prerov","north Moravia",138032,64.6,8819,5.38,5.66,99,4063,4505,0.28,5.52,442,4284,0.0310362814419845,6598,68112,12,5676,1,""
9717,"monthly issuance",37263.6619047619,34195.25,4.85714285714286,48,5,1000,109338.9,"Female",1952,"Usti nad Orlici","east Bohemia",139012,61.9,8363,2.52,3.49,108,2564,2799,0.97,3.005,235,2681.5,0.0192897016084942,6599,72120,12,6010,1,""
9721,"monthly issuance",17423.3166666667,12328.12,2.57142857142857,46,5,700,60863.2,"Male",1954,"Chomutov","north Bohemia",125236,87.7,9675,6.43,7.68,100,5323,5190,1.25,7.055,-133,5256.5,0.0419727554377336,6600,21852,36,607,1,""
9798,"weekly issuance",43070.725,36110,4.75,50,4,900,89570.9,"Female",1950,"Jesenik","north Moravia",42821,48.4,8173,7.01,7.01,124,1358,1358,0,7.01,0,1358,0.0317134116438196,6613,84120,24,3505,1,""
9844,"monthly issuance",23879.9545454545,23244.8,3.90909090909091,55,7,200,82549,"Male",1945,"Brno - venkov","south Moravia",157042,33.9,8743,1.88,2.43,111,3659,3894,0.55,2.155,235,3776.5,0.0240477069828454,6624,71460,12,5955,1,""
9915,"weekly issuance",37553.3545454546,34751,5,33,7,700,117489.5,"Male",1967,"Chrudim","east Bohemia",105606,53,8254,2.79,3.76,97,2166,2325,0.97,3.275,159,2245.5,0.0212629964206579,6642,77640,12,6470,1,""
9930,"monthly issuance",20833.5727272727,20293.34,5,28,5,900,96108.3,"Male",1972,"Nymburk","central Bohemia",81344,55.3,8899,3.39,3.97,149,2987,2487,0.58,3.68,-500,2737,0.0336472265932337,6644,93600,24,3900,1,""
9933,"monthly issuance",20111.1307692308,17936.3846153846,3.21428571428571,59,7,400,115000.2,"Male",1941,"Hl.m. Praha","Prague",1204953,100,12541,0.29,0.43,167,85677,99107,0.14,0.36,13430,92392,0.0766768496364588,6645,140400,36,3900,1,""
9945,"weekly issuance",26440.95,25258.1333333333,5.3125,32,7,200,82981.9,"Female",1968,"Hl.m. Praha","Prague",1204953,100,12541,0.29,0.43,167,85677,99107,0.14,0.36,13430,92392,0.0766768496364588,6647,208320,48,4340,1,""
9973,"issuance after transaction",53254.32,41766.3333333333,8.16666666666667,55,7,900,126833,"Female",1945,"Karlovy Vary","west Bohemia",122603,80,8991,1.39,2.01,128,5198,5273,0.62,1.7,75,5235.5,0.0427028702397168,6650,49320,12,4110,-1,""
9995,"monthly issuance",9916.29285714286,10285.0666666667,4.85714285714286,42,5,1000,45346.1,"Male",1958,"Brno - mesto","south Moravia",387570,100,9897,1.6,1.96,140,18721,18696,0.36,1.78,-25,18708.5,0.0482712800268339,6659,56100,60,935,1,""
10040,"monthly issuance",42434.4,44555.6631578947,6.45454545454545,32,6,1000,164648.6,"Female",1968,"Litomerice","north Bohemia",114006,62.3,9065,4.46,5.39,123,4147,4166,0.93,4.925,19,4156.5,0.0364586074417136,6667,155880,24,6495,1,""
10043,"monthly issuance",20789.4785714286,19831.4461538462,4.78571428571429,35,7,700,62084,"Male",1965,"Jicin","east Bohemia",77917,53.5,8390,2.28,2.89,132,2080,2122,0.61,2.585,42,2101,0.0269645905258159,6668,74736,36,2076,1,""
10076,"monthly issuance",12124.04,7566.66666666667,2.4,31,5,200,49220.3,"Female",1969,"Plzen - mesto","west Bohemia",170449,100,10787,2.64,3.09,131,6041,6261,0.45,2.865,220,6151,0.0360870406983907,6676,29784,24,1241,1,""
10095,"monthly issuance",40613.2454545455,39711.4444444444,4.72727272727273,24,7,1100,122523.5,"Female",1976,"Praha - zapad","central Bohemia",75637,36.5,9622,0.45,0.59,154,3475,3529,0.14,0.52,54,3502,0.046300091225194,6678,80340,12,6695,1,""
10198,"monthly issuance",38675.0833333333,38580.2470588235,5.16666666666667,24,7,200,109178.4,"Male",1976,"Tachov","west Bohemia",51313,59.2,8930,3.52,4.2,108,1328,1452,0.68,3.86,124,1390,0.0270886519985189,6686,224604,36,6239,1,""
10200,"monthly issuance",25661.95,19600,3.4,20,7,500,65847.8,"Female",1980,"Rakovnik","central Bohemia",53921,41.3,8598,2.77,3.26,123,1597,1875,0.49,3.015,278,1736,0.0321952486044398,6687,87840,24,3660,1,""
10269,"monthly issuance",26467.43,27606.1777777778,5.5,60,6,900,112839.2,"Female",1940,"Karvina","north Moravia",285387,89.9,10177,6.63,7.75,81,9878,10108,1.12,7.19,230,9993,0.0350156103816922,6694,134784,24,5616,1,""
10275,"monthly issuance",12641.9538461538,11253.2833333333,6.21428571428571,30,7,800,46550.2,"Female",1970,"Vsetin","north Moravia",148545,53.5,8909,4.01,5.56,113,3460,3590,1.55,4.785,130,3525,0.0237301827728971,6696,89040,60,1484,1,""
10282,"weekly issuance",41134.725,39503.7142857143,6.25,21,5,200,108390.1,"Male",1979,"Hl.m. Praha","Prague",1204953,100,12541,0.29,0.43,167,85677,99107,0.14,0.36,13430,92392,0.0766768496364588,6698,247728,48,5161,1,""
10287,"monthly issuance",21450.7076923077,22046.0181818182,6.23076923076923,38,7,600,73069.1,"Female",1962,"Rychnov nad Kneznou","east Bohemia",78955,59,9060,1.78,2.44,124,1655,1717,0.66,2.11,62,1686,0.0213539357862073,6699,7656,24,319,1,""
10350,"monthly issuance",22741.9526315789,29259.8666666667,3.89473684210526,39,7,200,127508.6,"Female",1961,"Rokycany","west Bohemia",45714,55.6,8843,2.82,3.6,113,818,888,0.78,3.21,70,853,0.0186594916218226,6704,417060,60,6951,1,""
10382,"monthly issuance",23385.1277777778,22516.0117647059,8,35,6,900,66744.4,"Female",1965,"Strakonice","south Bohemia",70646,58.4,8547,2.65,3.64,120,1563,1542,0.99,3.145,-21,1552.5,0.0219757664977493,6712,266220,60,4437,1,""
10389,"monthly issuance",24611.7647058823,26131.3866666667,7.52941176470588,57,6,1100,70272.7,"Female",1943,"Strakonice","south Bohemia",70646,58.4,8547,2.65,3.64,120,1563,1542,0.99,3.145,-21,1552.5,0.0219757664977493,6715,220620,60,3677,1,""
10459,"monthly issuance",7833.42,4150,3,36,7,1100,33467,"Female",1964,"Kladno","central Bohemia",149893,67.4,9753,4.64,5.05,109,5244,5892,0.41,4.845,648,5568,0.0371464978351224,6721,21072,24,878,1,""
10475,"monthly issuance",18738.1318181818,18847.43,6.72727272727273,52,7,700,61993.3,"Female",1948,"Prachatice","south Bohemia",51428,52.7,8402,3.13,3.98,120,999,1099,0.85,3.555,100,1049,0.0203974488605429,6725,265320,36,7370,1,""
10479,"monthly issuance",12120,10956.3846153846,6.4,45,6,1000,44713.5,"Female",1955,"Benesov","central Bohemia",88884,46.7,8507,1.67,1.85,132,2159,2674,0.18,1.76,515,2416.5,0.027187120291616,6726,85860,60,1431,1,""
10510,"monthly issuance",41334.4,39526.075,6.58823529411765,55,7,1100,104902.4,"Female",1945,"Cheb","west Bohemia",87419,85.5,8624,1.79,2.66,102,2879,3198,0.87,2.225,319,3038.5,0.0347578901611778,6729,74688,12,6224,1,""
10528,"monthly issuance",41077.3416666667,48754.1777777778,5.75,48,5,600,127067.6,"Female",1952,"Pardubice","east Bohemia",162580,72.8,9538,1.51,1.81,111,6079,5410,0.3,1.66,-669,5744.5,0.0353333743387871,6732,174048,48,3626,1,""
10543,"weekly issuance",61781.6272727273,65696.2222222222,8.54545454545454,55,5,300,123928.2,"Female",1945,"Ceske Budejovice","south Bohemia",177686,74.8,10045,1.42,1.71,135,6604,6295,0.29,1.565,-309,6449.5,0.0362971759170672,6734,173016,36,4806,1,""
10555,"issuance after transaction",16162.6,10600,2.5,65,6,800,58495.8,"Male",1935,"Hl.m. Praha","Prague",1204953,100,12541,0.29,0.43,167,85677,99107,0.14,0.36,13430,92392,0.0766768496364588,6736,288360,60,4806,1,""
10563,"monthly issuance",37886.1736842105,38480.3222222222,7.52631578947368,51,7,1000,104676.1,"Male",1949,"Frydek - Mistek","north Moravia",228848,57.2,9893,4.09,4.72,96,5623,5887,0.63,4.405,264,5755,0.0251476962874921,6737,76680,24,3195,1,""
10566,"monthly issuance",24825.4833333333,26507.2818181818,6.83333333333333,58,7,-2719.7,130801,"Female",1942,"Ostrava - mesto","north Moravia",323870,100,10673,4.75,5.44,100,18782,18347,0.69,5.095,-435,18564.5,0.0573208386080835,6738,230220,36,6395,-1,""
10636,"monthly issuance",66066.3555555556,66278.5882352941,9.27777777777778,29,7,400,148093,"Male",1971,"Zlin","south Moravia",197099,74.7,9624,1.6,2.31,145,4484,4265,0.71,1.955,-219,4374.5,0.0221944302101989,6745,47304,24,1971,1,""
10702,"monthly issuance",14452.8333333333,12550,3.16666666666667,62,4,800,52782.7,"Male",1938,"Pelhrimov","south Bohemia",74062,61.4,8114,2.38,2.62,119,1003,1181,0.24,2.5,178,1092,0.0147444033377441,6751,85716,36,2381,1,""
10818,"monthly issuance",14089.8384615385,12609.2909090909,5.38461538461539,28,6,600,55077.5,"Male",1972,"Zlin","south Moravia",197099,74.7,9624,1.6,2.31,145,4484,4265,0.71,1.955,-219,4374.5,0.0221944302101989,6764,33984,48,708,1,""
10963,"weekly issuance",41640.4933333333,40373.3333333333,7.9375,56,6,500,110933.4,"Male",1944,"Hl.m. Praha","Prague",1204953,100,12541,0.29,0.43,167,85677,99107,0.14,0.36,13430,92392,0.0766768496364588,6785,125340,60,2089,1,""
11050,"monthly issuance",21362.325,18930.6,4.875,43,4,800,63659.3,"Female",1957,"Karvina","north Moravia",285387,89.9,10177,6.63,7.75,81,9878,10108,1.12,7.19,230,9993,0.0350156103816922,6805,45024,48,938,1,""
11063,"monthly issuance",28105.0230769231,23972.9692307692,5.92857142857143,45,7,1100,153213.7,"Female",1955,"Zlin","south Moravia",197099,74.7,9624,1.6,2.31,145,4484,4265,0.71,1.955,-219,4374.5,0.0221944302101989,6808,227880,36,6330,1,""
11093,"weekly issuance",54571.7619047619,53571.5714285714,9.04761904761905,41,6,700,129557.3,"Male",1959,"Teplice","north Bohemia",128118,85.3,9317,6.49,7.07,97,6949,6872,0.58,6.78,-77,6910.5,0.0539385566430946,6810,186384,48,3883,1,""
11105,"monthly issuance",12017.42,9566.66666666667,3.6,43,5,700,46487.1,"Female",1957,"Karvina","north Moravia",285387,89.9,10177,6.63,7.75,81,9878,10108,1.12,7.19,230,9993,0.0350156103816922,6816,100224,48,2088,-1,""
11114,"monthly issuance",16525.4444444444,15781.625,5.3,48,4,600,55343.2,"Male",1952,"Hl.m. Praha","Prague",1204953,100,12541,0.29,0.43,167,85677,99107,0.14,0.36,13430,92392,0.0766768496364588,6817,70656,48,1472,1,""
11121,"monthly issuance",18808.3666666667,17759.4,7.16666666666667,29,5,200,75294.1,"Female",1971,"Olomouc","north Moravia",226122,62.6,8994,3.8,4.79,110,9672,9208,0.99,4.295,-464,9440,0.041747375310673,6818,155616,48,3242,1,""
11126,"monthly issuance",20745.9285714286,19499.12,4.14285714285714,35,7,900,62324.6,"Female",1965,"Hl.m. Praha","Prague",1204953,100,12541,0.29,0.43,167,85677,99107,0.14,0.36,13430,92392,0.0766768496364588,6820,38148,12,3179,1,""
11195,"monthly issuance",19508.2428571429,20713.6166666667,7.28571428571429,47,7,800,61043.3,"Male",1953,"Pardubice","east Bohemia",162580,72.8,9538,1.51,1.81,111,6079,5410,0.3,1.66,-669,5744.5,0.0353333743387871,6836,189300,60,3155,1,""
11208,"monthly issuance",38264.1285714286,34939.9,6,43,6,200,119138.8,"Female",1957,"Praha - vychod","central Bohemia",92084,46.7,10124,0.56,0.54,141,3810,4316,-0.02,0.55,506,4063,0.0441227574822988,6841,172080,48,3585,1,""
11314,"monthly issuance",12524.3333333333,13718.25,4,64,7,800,49590.4,"Male",1936,"Jicin","east Bohemia",77917,53.5,8390,2.28,2.89,132,2080,2122,0.61,2.585,42,2101,0.0269645905258159,6863,127080,60,2118,1,""
11327,"monthly issuance",13478.12,11800,2.2,53,4,800,43790.6,"Male",1947,"Olomouc","north Moravia",226122,62.6,8994,3.8,4.79,110,9672,9208,0.99,4.295,-464,9440,0.041747375310673,6865,29448,12,2454,-1,""
11372,"monthly issuance",11710.64,7100,3,39,7,800,48353.1,"Male",1961,"Praha - zapad","central Bohemia",75637,36.5,9622,0.45,0.59,154,3475,3529,0.14,0.52,54,3502,0.046300091225194,6876,86616,12,7218,1,""
11409,"monthly issuance",28692.9058823529,27286.9529411765,6.38888888888889,20,7,300,103467.2,"Female",1980,"Hl.m. Praha","Prague",1204953,100,12541,0.29,0.43,167,85677,99107,0.14,0.36,13430,92392,0.0766768496364588,6888,39576,12,3298,1,""
11461,"monthly issuance",25007.34,24260.1052631579,6.80952380952381,26,7,900,129123,"Male",1974,"Frydek - Mistek","north Moravia",228848,57.2,9893,4.09,4.72,96,5623,5887,0.63,4.405,264,5755,0.0251476962874921,6895,41904,12,3492,1,""
11497,"monthly issuance",27060.9666666667,23087.975,7.88888888888889,41,7,144.2,59944.2,"Female",1959,"Sokolov","west Bohemia",94812,81.8,9650,3.38,3.67,100,2985,2804,0.29,3.525,-181,2894.5,0.0305288360123191,6903,52128,24,2172,1,""
11574,"weekly issuance",26247.7555555556,26277.8125,5.33333333333333,56,7,600,116468.4,"Female",1944,"Hl.m. Praha","Prague",1204953,100,12541,0.29,0.43,167,85677,99107,0.14,0.36,13430,92392,0.0766768496364588,6919,120888,36,3358,1,""
11596,"monthly issuance",46071.8125,46488.1142857143,5.25,60,4,300,128146,"Female",1940,"Karvina","north Moravia",285387,89.9,10177,6.63,7.75,81,9878,10108,1.12,7.19,230,9993,0.0350156103816922,6921,86184,12,7182,1,""
11662,"weekly issuance",43158.0318181818,41090.7272727273,6.8695652173913,28,7,800,125887.5,"Male",1972,"Hl.m. Praha","Prague",1204953,100,12541,0.29,0.43,167,85677,99107,0.14,0.36,13430,92392,0.0766768496364588,6929,36396,12,3033,1,""
11685,"monthly issuance",26280.28,26955.4,3.66666666666667,35,5,400,71255.7,"Female",1965,"Zlin","south Moravia",197099,74.7,9624,1.6,2.31,145,4484,4265,0.71,1.955,-219,4374.5,0.0221944302101989,6933,188688,48,3931,1,""
11709,"monthly issuance",16453.7666666667,11253.65,3.33333333333333,39,4,500,60236.6,"Male",1961,"Hl.m. Praha","Prague",1204953,100,12541,0.29,0.43,167,85677,99107,0.14,0.36,13430,92392,0.0766768496364588,6940,228276,36,6341,1,""
11754,"monthly issuance",15373.0166666667,13378.25,2.83333333333333,34,4,1000,54705.1,"Male",1966,"Uherske Hradiste","south Moravia",145688,40.7,8544,1.29,1.86,109,2719,2906,0.57,1.575,187,2812.5,0.0193049530503542,6944,46176,48,962,1,""
11794,"weekly issuance",34953.6473684211,39625.25,5.4,30,6,300,119752.3,"Female",1970,"Tachov","west Bohemia",51313,59.2,8930,3.52,4.2,108,1328,1452,0.68,3.86,124,1390,0.0270886519985189,6949,104712,24,4363,1,""
11804,"monthly issuance",48125.8541666667,49270.4,7.95833333333333,56,7,400,147603.2,"Male",1944,"Ostrava - mesto","north Moravia",323870,100,10673,4.75,5.44,100,18782,18347,0.69,5.095,-435,18564.5,0.0573208386080835,6950,104712,24,4363,1,""
11851,"issuance after transaction",78173.7823529412,77672.5,8.47058823529412,30,6,200,143453.3,"Male",1970,"Znojmo","south Moravia",114200,43.7,8403,5.74,5.72,105,2157,2718,-0.0200000000000005,5.73,561,2437.5,0.0213441330998249,6955,244368,48,5091,1,""
11866,"monthly issuance",21977.0782608696,23486.1809523809,6.65217391304348,63,7,8686.4,64494.1,"Male",1937,"Hl.m. Praha","Prague",1204953,100,12541,0.29,0.43,167,85677,99107,0.14,0.36,13430,92392,0.0766768496364588,6960,76416,24,3184,1,""
11873,"monthly issuance",28238.54,21900,2.6,37,4,1100,83783.4,"Female",1963,"Louny","north Bohemia",85852,59.8,8965,7.08,8.23,104,2653,2822,1.15,7.655,169,2737.5,0.0318862693938406,6961,176148,36,4893,1,""
11886,"monthly issuance",63721.9578947368,65235.7888888889,8.25,59,7,800,151546.9,"Female",1941,"Trebic","south Moravia",117897,53.8,8814,4.76,5.74,107,2112,2059,0.98,5.25,-53,2085.5,0.0176891693596953,6965,139536,24,5814,1,""
11978,"issuance after transaction",20778.675,19571.8181818182,6,29,6,500,58022.1,"Male",1971,"Brno - mesto","south Moravia",387570,100,9897,1.6,1.96,140,18721,18696,0.36,1.78,-25,18708.5,0.0482712800268339,6985,113796,36,3161,1,""
12003,"monthly issuance",24949.97,31858.7428571429,5.7,24,6,-669.7,82784.6,"Male",1976,"Ostrava - mesto","north Moravia",323870,100,10673,4.75,5.44,100,18782,18347,0.69,5.095,-435,18564.5,0.0573208386080835,6986,151728,48,3161,-1,""
12050,"monthly issuance",45554.4222222222,46907.525,8.77777777777778,57,5,200,117458.5,"Male",1943,"Usti nad Orlici","east Bohemia",139012,61.9,8363,2.52,3.49,108,2564,2799,0.97,3.005,235,2681.5,0.0192897016084942,6992,133968,48,2791,1,"classic"
12079,"weekly issuance",29320.319047619,32216.6842105263,7.09523809523809,28,5,600,138010.1,"Female",1972,"Zlin","south Moravia",197099,74.7,9624,1.6,2.31,145,4484,4265,0.71,1.955,-219,4374.5,0.0221944302101989,6995,96168,12,8014,1,""
12095,"monthly issuance",33145.9833333333,32468.8173913043,5.5,61,7,400,94043.3,"Male",1939,"Praha - zapad","central Bohemia",75637,36.5,9622,0.45,0.59,154,3475,3529,0.14,0.52,54,3502,0.046300091225194,6996,126600,24,5275,1,""
12102,"monthly issuance",46842.2,47393.4,5.90909090909091,32,7,1100,119900.1,"Female",1968,"Strakonice","south Bohemia",70646,58.4,8547,2.65,3.64,120,1563,1542,0.99,3.145,-21,1552.5,0.0219757664977493,6998,97632,12,8136,1,""
12144,"monthly issuance",22981.32,22868.5777777778,5.95,20,7,900,71924.6,"Male",1980,"Pribram","central Bohemia",107870,58,8754,3.83,4.31,137,3804,3868,0.48,4.07,64,3836,0.0355613238157041,7004,331560,60,5526,1,""
12181,"monthly issuance",19905.4571428571,22040.04,5.14285714285714,39,5,300,63738,"Male",1961,"Hl.m. Praha","Prague",1204953,100,12541,0.29,0.43,167,85677,99107,0.14,0.36,13430,92392,0.0766768496364588,7008,36168,12,3014,1,""
12220,"monthly issuance",13704.5,11587.5714285714,4.88888888888889,29,5,500,54628.1,"Female",1971,"Prostejov","south Moravia",110643,51.9,8441,3.45,4.48,115,1879,2252,1.03,3.965,373,2065.5,0.0186681489113636,7013,89340,60,1489,1,""
12303,"monthly issuance",16853.2666666667,16885.95,4.6,26,5,600,64981.1,"Female",1974,"Karlovy Vary","west Bohemia",122603,80,8991,1.39,2.01,128,5198,5273,0.62,1.7,75,5235.5,0.0427028702397168,7034,19044,36,529,1,""
12325,"monthly issuance",37094.66875,37286.8133333333,5.6875,36,5,600,138172.6,"Male",1964,"Mlada Boleslav","central Bohemia",112065,69.4,11277,1.25,1.44,127,5179,4987,0.19,1.345,-192,5083,0.0453576049614063,7036,194940,36,5415,1,""
12396,"monthly issuance",53253.2,49679.5454545454,6.58333333333333,30,7,1100,143605.7,"Female",1970,"Uherske Hradiste","south Moravia",145688,40.7,8544,1.29,1.86,109,2719,2906,0.57,1.575,187,2812.5,0.0193049530503542,7055,167100,60,2785,1,""
12416,"weekly issuance",43311.86875,40819.6875,7.875,27,6,800,108575.3,"Male",1973,"Hl.m. Praha","Prague",1204953,100,12541,0.29,0.43,167,85677,99107,0.14,0.36,13430,92392,0.0766768496364588,7057,231696,36,6436,1,""
12432,"monthly issuance",37421.7411764706,37140.775,5.47058823529412,35,7,600,133454.9,"Male",1965,"Brno - venkov","south Moravia",157042,33.9,8743,1.88,2.43,111,3659,3894,0.55,2.155,235,3776.5,0.0240477069828454,7061,121896,24,5079,1,""
12464,"monthly issuance",10193.8166666667,6100,2.5,41,7,1000,50757,"Male",1959,"Hl.m. Praha","Prague",1204953,100,12541,0.29,0.43,167,85677,99107,0.14,0.36,13430,92392,0.0766768496364588,7066,215388,36,5983,-1,""
12625,"monthly issuance",25022.1428571429,22200,3.28571428571429,42,7,400,89754.8,"Male",1958,"Brno - mesto","south Moravia",387570,100,9897,1.6,1.96,140,18721,18696,0.36,1.78,-25,18708.5,0.0482712800268339,7097,75624,24,3151,-1,""
12662,"monthly issuance",20784.8272727273,21940.5555555556,4.54545454545455,47,4,600,72330.4,"Male",1953,"Ceske Budejovice","south Bohemia",177686,74.8,10045,1.42,1.71,135,6604,6295,0.29,1.565,-309,6449.5,0.0362971759170672,7101,421008,48,8771,1,""
12695,"monthly issuance",24072.25,15442.8,2.83333333333333,21,7,800,79633.5,"Male",1979,"Frydek - Mistek","north Moravia",228848,57.2,9893,4.09,4.72,96,5623,5887,0.63,4.405,264,5755,0.0251476962874921,7104,259740,60,4329,1,""
12754,"monthly issuance",14416.9545454545,13687.875,4.09090909090909,40,7,1100,60432.4,"Male",1960,"Brno - venkov","south Moravia",157042,33.9,8743,1.88,2.43,111,3659,3894,0.55,2.155,235,3776.5,0.0240477069828454,7121,21924,36,609,1,""
12810,"issuance after transaction",14796.0923076923,14153.2307692308,4.64285714285714,36,5,700,85626.9,"Male",1964,"Most","north Bohemia",119895,89.9,10446,7.34,9.4,90,4947,4743,2.06,8.37,-204,4845,0.0404103590641812,7130,123408,24,5142,1,"gold"
12840,"monthly issuance",8917.62857142857,5242.92,3.28571428571429,61,4,800,42308.8,"Male",1939,"Prostejov","south Moravia",110643,51.9,8441,3.45,4.48,115,1879,2252,1.03,3.965,373,2065.5,0.0186681489113636,7136,54396,36,1511,1,""
12843,"monthly issuance",35394.1857142857,32348.0285714286,3.5,47,7,300,97912.7,"Male",1953,"Zdar nad Sazavou","south Moravia",125832,48.3,8512,3.51,4.12,102,2247,2103,0.61,3.815,-144,2175,0.0172849513637231,7137,151560,24,6315,1,""
12844,"monthly issuance",8378.93181818182,8813.58947368421,6.22727272727273,54,7,400,39393.9,"Male",1946,"Olomouc","north Moravia",226122,62.6,8994,3.8,4.79,110,9672,9208,0.99,4.295,-464,9440,0.041747375310673,7138,60000,60,1000,1,""
12859,"monthly issuance",16068.4647058824,16981.64,7.64705882352941,24,7,900,57707.2,"Female",1976,"Hl.m. Praha","Prague",1204953,100,12541,0.29,0.43,167,85677,99107,0.14,0.36,13430,92392,0.0766768496364588,7142,482940,60,8049,-1,""
12943,"issuance after transaction",12002.7857142857,8415.38461538462,2.26666666666667,30,5,200,87052.1,"Male",1970,"Brno - venkov","south Moravia",157042,33.9,8743,1.88,2.43,111,3659,3894,0.55,2.155,235,3776.5,0.0240477069828454,7154,417600,60,6960,1,"gold"
13071,"monthly issuance",13007.8666666667,10675.75,2.66666666666667,44,5,300,51947.2,"Male",1956,"Usti nad Labem","north Bohemia",118650,85.6,9832,3.32,4.48,114,6445,5471,1.16,3.9,-974,5958,0.0502149178255373,7166,198240,24,8260,1,""
13113,"monthly issuance",45318.752173913,46308.5809523809,7,24,7,200,124900.7,"Male",1976,"Praha - zapad","central Bohemia",75637,36.5,9622,0.45,0.59,154,3475,3529,0.14,0.52,54,3502,0.046300091225194,7176,260028,36,7223,1,""
13190,"monthly issuance",19668.04375,19822,5.5625,44,6,1000,61782,"Male",1956,"Novy Jicin","north Moravia",161227,69.7,8678,5.93,5.57,102,4980,4595,-0.359999999999999,5.75,-385,4787.5,0.0296941579264019,7189,154656,48,3222,1,""
13201,"weekly issuance",19972.375,21654.3333333333,6.04761904761905,63,7,200,107692,"Male",1937,"Jicin","east Bohemia",77917,53.5,8390,2.28,2.89,132,2080,2122,0.61,2.585,42,2101,0.0269645905258159,7192,115992,36,3222,1,""
13231,"monthly issuance",19436.5333333333,18169.76,4.41666666666667,41,5,700,61939.6,"Male",1959,"Hl.m. Praha","Prague",1204953,100,12541,0.29,0.43,167,85677,99107,0.14,0.36,13430,92392,0.0766768496364588,7194,68832,36,1912,1,""
13260,"weekly issuance",10342.76,9800,2.7,23,7,800,78327.5,"Female",1977,"Bruntal","north Moravia",106054,63.1,8110,5.77,6.55,109,3244,3079,0.78,6.16,-165,3161.5,0.0298102853263432,7198,45768,12,3814,1,""
13380,"monthly issuance",19649.3416666667,20218.6545454545,5.46153846153846,58,5,700,68048.1,"Male",1942,"Znojmo","south Moravia",114200,43.7,8403,5.74,5.72,105,2157,2718,-0.0200000000000005,5.73,561,2437.5,0.0213441330998249,7213,113544,36,3154,1,""
13412,"weekly issuance",22945.16,22344,5.53333333333333,46,7,1000,70288.4,"Male",1954,"Hl.m. Praha","Prague",1204953,100,12541,0.29,0.43,167,85677,99107,0.14,0.36,13430,92392,0.0766768496364588,7220,131292,36,3647,1,""
13447,"monthly issuance",22665.7666666667,23175,2.66666666666667,30,7,300,74413.6,"Female",1970,"Svitavy","east Bohemia",102609,52,8187,4.83,5.45,94,2123,2134,0.62,5.14,11,2128.5,0.0207437944039996,7226,197748,36,5493,1,""
13451,"weekly issuance",63199.19375,64046.6666666667,8.125,45,6,500,128119.4,"Female",1955,"Chrudim","east Bohemia",105606,53,8254,2.79,3.76,97,2166,2325,0.97,3.275,159,2245.5,0.0212629964206579,7227,314520,60,5242,1,""
13480,"monthly issuance",44437.0684210526,42232.9578947368,6.2,47,5,1100,119527.2,"Male",1953,"Jindrichuv Hradec","south Bohemia",93931,56.9,8427,1.12,1.54,107,1874,1913,0.42,1.33,39,1893.5,0.0201584141550713,7233,115812,36,3217,1,""
13490,"weekly issuance",30423.9666666667,21523.5,4.57142857142857,31,7,8897,81723.5,"Female",1969,"Pisek","south Bohemia",70699,65.3,8968,2.83,3.35,131,1740,1910,0.52,3.09,170,1825,0.0258136607307034,7235,154416,48,3217,1,""
13539,"weekly issuance",39475.3,39202.3333333333,3.85714285714286,22,7,600,122893.1,"Male",1978,"Hl.m. Praha","Prague",1204953,100,12541,0.29,0.43,167,85677,99107,0.14,0.36,13430,92392,0.0766768496364588,7240,274740,60,4579,1,""
13548,"monthly issuance",46037.155,49802.1555555555,8,24,7,-517.7,120806.4,"Male",1976,"Hl.m. Praha","Prague",1204953,100,12541,0.29,0.43,167,85677,99107,0.14,0.36,13430,92392,0.0766768496364588,7241,168984,24,7041,-1,""
13576,"monthly issuance",34740.2727272727,33986.36,5.18181818181818,26,5,400,109774.3,"Male",1974,"Olomouc","north Moravia",226122,62.6,8994,3.8,4.79,110,9672,9208,0.99,4.295,-464,9440,0.041747375310673,7243,217152,36,6032,1,"classic"
13590,"weekly issuance",18433.8,22751.6,4.42857142857143,23,4,400,63289.9,"Male",1977,"Kromeriz","south Moravia",108871,62.1,8444,3.24,3.47,106,2595,2305,0.23,3.355,-290,2450,0.0225036970359416,7246,148920,60,2482,1,""
13603,"monthly issuance",12781.94375,11846.1428571429,4.875,59,7,1100,52365,"Male",1941,"Praha - zapad","central Bohemia",75637,36.5,9622,0.45,0.59,154,3475,3529,0.14,0.52,54,3502,0.046300091225194,7249,69360,48,1445,1,""
13657,"monthly issuance",42991.6666666667,45625.45,6.11111111111111,37,7,900,123863.4,"Female",1963,"Hl.m. Praha","Prague",1204953,100,12541,0.29,0.43,167,85677,99107,0.14,0.36,13430,92392,0.0766768496364588,7259,108144,36,3004,1,""
13687,"monthly issuance",15332.18,10333.3333333333,2.6,41,7,500,52246,"Male",1959,"Prerov","north Moravia",138032,64.6,8819,5.38,5.66,99,4063,4505,0.28,5.52,442,4284,0.0310362814419845,7262,182628,36,5073,1,""
13690,"weekly issuance",43107.9,35292,4.83333333333333,37,5,800,116004.2,"Male",1963,"Karvina","north Moravia",285387,89.9,10177,6.63,7.75,81,9878,10108,1.12,7.19,230,9993,0.0350156103816922,7263,89880,24,3745,1,""
13750,"monthly issuance",41205.347826087,40658.0818181818,6.21739130434783,20,6,900,115913.4,"Female",1980,"Pribram","central Bohemia",107870,58,8754,3.83,4.31,137,3804,3868,0.48,4.07,64,3836,0.0355613238157041,7271,392460,60,6541,1,""
13845,"monthly issuance",10042.7555555556,9907.97142857143,4.77777777777778,27,7,1000,41469.1,"Male",1973,"Cesky Krumlov","south Bohemia",58796,51.9,9045,3.13,3.6,124,1845,1879,0.47,3.365,34,1862,0.0316688210082319,7284,52788,12,4399,1,""
13955,"weekly issuance",38698.4166666667,41497.2,3,55,5,200,104039.9,"Female",1945,"Hl.m. Praha","Prague",1204953,100,12541,0.29,0.43,167,85677,99107,0.14,0.36,13430,92392,0.0766768496364588,7304,419880,60,6998,1,""
13968,"monthly issuance",29678.7454545455,28511.3545454545,6.68181818181818,32,6,1000,81705.8,"Male",1968,"Trebic","south Moravia",117897,53.8,8814,4.76,5.74,107,2112,2059,0.98,5.25,-53,2085.5,0.0176891693596953,7305,54024,12,4502,1,"classic"
13971,"monthly issuance",17036.0666666667,17795.4923076923,7.13333333333333,38,5,1000,56055.6,"Female",1962,"Bruntal","north Moravia",106054,63.1,8110,5.77,6.55,109,3244,3079,0.78,6.16,-165,3161.5,0.0298102853263432,7308,129408,24,5392,1,""
